Depth,GammaRay,Porosity,Permeability,Resistivity,Seal Integrity,Reservoir
1000,98.85546784,0.244839553,93.54035821,29.45668978,0.489796924,1
1005,95.51230103,0.250836208,92.25776769,33.2803485,0.490187367,1
1010,99.27017035,0.245127247,95.67131686,32.54803223,0.490570382,1
1015,103.4713789,0.245280038,91.21390844,27.2018342,0.490945952,1
1020,94.50637916,0.246408279,102.2217198,31.39456807,0.491314063,1
1025,94.32380996,0.251596338,117.4890045,31.29222219,0.491674701,1
1030,103.2043581,0.244462514,104.7195988,27.30744689,0.492027852,1
1035,98.95573617,0.261682561,99.21124141,31.17629097,0.492373502,1
1040,92.57794725,0.240053927,99.06201998,32.54957882,0.492711637,1
1045,97.44138356,0.247006284,86.59296819,27.16382106,0.493042245,1
1050,92.2112862,0.244352689,111.3001066,27.50931637,0.493365311,1
1055,91.99606442,0.263094779,101.9341598,31.31527122,0.493680825,1
1060,95.32743062,0.250465548,101.1506475,29.7587794,0.493988773,1
1065,84.34071238,0.258693445,135.1288307,30.25479534,0.494289143,1
1070,85.0686281,0.233394396,106.4269875,29.76928803,0.494581924,1
1075,90.66451399,0.250795503,96.16264773,29.80598033,0.494867104,1
1080,88.19118283,0.256896308,99.65748012,26.30833451,0.495144672,1
1085,94.60263639,0.24869784,115.6454105,30.99281514,0.495414617,1
1090,88.26403753,0.258404804,105.5329559,31.17447066,0.495676929,1
1095,85.51211719,0.242452115,90.2561729,28.31382941,0.495931597,1
1100,99.6681,0.261593474,114.0693469,28.6231858,0.496178611,1
1105,90.97396115,0.270363981,98.43312704,25.58566139,0.496417963,1
1110,92.20025991,0.243621614,124.084463,29.61432981,0.496649642,1
1115,84.49546796,0.242669975,116.3882916,29.66808558,0.496873639,1
1120,88.65072338,0.261533845,101.3503277,28.33794489,0.497089946,1
1125,91.67754082,0.262670721,118.8688573,30.64959501,0.497298554,1
1130,85.11513859,0.2415214,106.9718088,27.67149965,0.497499455,1
1135,92.49268819,0.242423132,115.0549647,29.40783556,0.497692642,1
1140,87.35203488,0.243682154,111.6079462,26.17846772,0.497878106,1
1145,88.63475431,0.232930495,98.52985878,28.1100672,0.49805584,1
1150,86.81967543,0.237063481,100.790153,27.74803984,0.498225838,1
1155,98.82160204,0.236083592,117.7569057,28.48714214,0.498388093,1
1160,89.22177164,0.238322024,104.340612,27.23745077,0.498542598,1
1165,83.72682085,0.245528151,103.8823716,27.65373751,0.498689348,1
1170,92.85131628,0.248092147,98.59754577,29.5091542,0.498828336,1
1175,82.35471586,0.261130005,112.6141035,26.92410695,0.498959558,1
1180,89.22074861,0.23551646,129.2321307,24.52525453,0.499083008,1
1185,78.09275891,0.255218224,98.15974976,31.17854695,0.499198681,1
1190,80.9620691,0.243110112,109.3049011,30.38345415,0.499306573,1
1195,88.29643506,0.244630363,123.4119714,24.97738323,0.49940668,1
1200,90.71086012,0.251748195,108.7198443,28.88288199,0.499498997,1
1205,87.57906514,0.23364778,114.265903,26.43926909,0.499583522,1
1210,85.84500664,0.248574097,99.34361246,27.91413914,0.49966025,1
1215,84.61611158,0.246289522,114.4754187,27.91775224,0.499729179,1
1220,78.42478998,0.249424513,108.5451438,26.8028202,0.499790306,1
1225,81.91136704,0.247266686,120.4975652,25.6466282,0.499843629,1
1230,82.89803135,0.268803001,122.7372461,25.77579242,0.499889146,1
1235,90.17495334,0.2377476,136.9815852,25.26739632,0.499926854,1
1240,86.29306176,0.23869003,117.1042881,25.37923136,0.499956753,1
1245,75.44294016,0.237643595,114.7873727,26.85180419,0.499978841,1
1250,85.55930561,0.238195229,113.6941528,25.49811452,0.499993117,1
1255,81.69182532,0.237251129,108.4389955,28.23740046,0.499999581,1
1260,79.90861598,0.255390165,115.5752953,29.79163796,0.499998233,1
1265,86.02526738,0.257580042,109.4556925,25.60107534,0.499989072,1
1270,87.79324683,0.237542537,114.3130186,27.18421323,0.499972099,1
1275,86.96374929,0.234801444,126.0225404,27.64918247,0.499947315,1
1280,77.77812984,0.247714156,102.9987508,27.53840982,0.499914721,1
1285,80.09282694,0.23735277,124.6800302,26.69109321,0.499874317,1
1290,82.95771346,0.249079318,126.6689214,27.96950869,0.499826106,1
1295,85.8394993,0.24465423,112.5330709,27.39378609,0.499770089,1
1300,78.22418368,0.227342559,92.71065337,23.89929022,0.499706268,1
1305,79.34797921,0.257850052,108.0658907,28.05843601,0.499634647,1
1310,74.39879083,0.260208777,127.3284277,28.04039571,0.499555227,1
1315,73.60163115,0.235997113,114.343638,24.68511271,0.499468012,1
1320,83.29553371,0.238122984,104.7925988,26.23361161,0.499373006,1
1325,85.66242179,0.244733654,109.9506418,27.47062447,0.499270211,1
1330,78.16759999,0.245094568,123.6168299,25.63174832,0.499159633,1
1335,83.18989128,0.248210443,120.889674,28.14291987,0.499041275,1
1340,79.62316591,0.261602045,113.2441973,30.67147433,0.498915142,1
1345,74.23036451,0.239605528,112.175927,24.31869998,0.498781238,1
1350,78.90217324,0.233267028,112.1367164,23.07570212,0.49863957,1
1355,84.42290046,0.227331808,107.0397982,26.39272377,0.498490143,1
1360,76.18943659,0.2336907,132.6267358,27.17568223,0.498332962,1
1365,83.82599738,0.24054373,113.4583309,25.21846992,0.498168034,1
1370,62.53666564,0.258695579,129.0611568,28.53454367,0.497995365,1
1375,79.3759522,0.235448887,132.3102487,22.89880406,0.497814961,1
1380,75.33119692,0.24273788,127.2871956,26.91001929,0.497626831,1
1385,73.02895714,0.240210771,113.1943651,24.26079928,0.497430981,1
1390,74.60937769,0.252133933,121.7538351,28.85978753,0.497227418,1
1395,63.83789412,0.265394324,117.6800299,29.35474456,0.497016152,1
1400,72.30116657,0.234691312,109.0899061,23.78525359,0.496797189,1
1405,74.80753624,0.234980606,121.5749446,24.16847561,0.49657054,1
1410,80.03258879,0.250191609,106.7448704,26.93595842,0.496336211,1
1415,69.67164836,0.246443915,130.6154697,24.39188318,0.496094214,1
1420,67.83918604,0.257967073,114.2954024,25.02485239,0.495844556,1
1425,68.99033528,0.245214282,121.1555649,25.11614997,0.495587248,1
1430,75.69244762,0.235657079,122.1787347,21.17589251,0.4953223,1
1435,72.37439759,0.245031548,116.9581898,24.93759586,0.495049723,1
1440,67.69597297,0.250087036,125.6150582,23.53601461,0.494769526,1
1445,72.52420863,0.247079822,115.1994628,23.87958905,0.494481721,1
1450,70.05536092,0.24382274,128.8613511,27.70362842,0.49418632,1
1455,74.02434283,0.249291747,106.887961,22.25404497,0.493883332,1
1460,65.28107902,0.250192956,121.8104355,26.34432755,0.493572772,1
1465,66.76238124,0.25219659,140.1343151,24.11101326,0.49325465,1
1470,66.04865862,0.244737099,110.9396018,24.06060373,0.492928979,1
1475,60.29933115,0.236453819,114.3628612,26.15221524,0.492595771,1
1480,68.7044521,0.239467137,126.4762924,25.20308333,0.492255041,1
1485,68.13534952,0.24994009,123.3294431,25.61587739,0.4919068,1
1490,66.46117988,0.229580643,125.2358472,26.36285221,0.491551063,1
1495,64.86757282,0.241311733,126.8168492,23.7158579,0.491187844,1
1500,58.56794661,0.233566612,128.4671364,23.10615274,0.490817156,1
1505,63.14530107,0.237662448,133.4113771,22.11263593,0.490439015,1
1510,63.13815762,0.250034519,126.6065368,22.5845854,0.490053435,1
1515,60.4430612,0.239035991,120.2892608,30.08622295,0.48966043,1
1520,63.25029089,0.237464365,129.6205784,26.63017855,0.489260018,1
1525,65.67883997,0.223276439,142.0861829,21.39161306,0.488852212,1
1530,72.69101558,0.244212536,121.9530675,21.40194489,0.488437029,1
1535,63.73414951,0.243079842,113.7256739,24.96384801,0.488014485,1
1540,63.74990065,0.258132547,134.7328573,25.04805612,0.487584597,1
1545,61.69056116,0.233297218,122.6488454,25.00485987,0.487147382,1
1550,52.06937042,0.238441503,102.3160922,23.35090081,0.486702856,1
1555,61.13092656,0.238618837,132.7066603,23.56377809,0.486251037,1
1560,61.16479008,0.251774533,119.068344,24.42447337,0.485791943,1
1565,72.77990632,0.234922045,123.705003,23.89468103,0.485325591,1
1570,59.10190129,0.238540215,128.1183779,19.23862744,0.484852,1
1575,61.17144682,0.241703965,126.8913401,23.17211406,0.484371188,1
1580,59.09018887,0.237366091,132.2681614,21.88353706,0.483883175,1
1585,53.02046878,0.230910664,121.0056118,23.89156033,0.483387978,1
1590,64.17819789,0.2371909,130.6778992,29.46659352,0.482885618,1
1595,61.82412743,0.245861317,123.1372749,24.18612682,0.482376114,1
1600,61.620194,0.224734847,133.3062827,22.77934155,0.481859485,1
1605,52.71890248,0.236204697,132.256826,25.20539032,0.481335753,1
1610,63.88089022,0.227748792,116.9332755,24.28269795,0.480804938,1
1615,49.45905556,0.246575466,137.3315344,24.11319398,0.48026706,1
1620,59.00434172,0.219268131,121.2956699,24.4425365,0.47972214,1
1625,66.62447275,0.228785782,134.9190151,27.29789973,0.4791702,1
1630,50.32208414,0.238022119,130.6939857,20.87915953,0.478611261,1
1635,52.04632078,0.24978024,145.5851687,24.04447035,0.478045345,1
1640,54.97962213,0.233342497,125.1504365,21.20085927,0.477472474,1
1645,51.56809478,0.228323005,124.0732389,24.12120719,0.47689267,1
1650,45.93685508,0.252561571,127.5530686,21.1295138,0.476305957,1
1655,53.63831727,0.219144861,124.895873,22.0890022,0.475712357,1
1660,47.58998444,0.21151194,136.1070457,22.29054859,0.475111893,1
1665,54.87617561,0.237775145,112.124027,24.78949758,0.474504589,1
1670,47.51855191,0.228229458,117.9293672,24.63205139,0.473890468,1
1675,59.47359316,0.222912672,117.9667733,20.26112828,0.473269555,1
1680,47.41673032,0.240083564,138.3260436,22.81999348,0.472641873,1
1685,49.33263155,0.235313007,146.1068218,21.248669,0.472007448,1
1690,54.62137326,0.227109214,128.1334725,20.10866309,0.471366303,1
1695,44.01125825,0.219821956,127.6665814,22.1496233,0.470718465,1
1700,50.91565559,0.241224573,130.2317127,21.92481613,0.470063958,1
1705,55.92786794,0.238877012,141.325926,27.35347834,0.469402808,1
1710,40.96959701,0.231258241,120.6091243,23.32436757,0.46873504,1
1715,49.54614079,0.25059137,132.4414199,19.66175389,0.468060682,1
1720,49.53948147,0.221299152,139.9843437,21.24611983,0.467379758,1
1725,51.76745385,0.216619748,135.4175103,24.37725088,0.466692296,1
1730,41.29307208,0.224830919,132.4761511,26.47032333,0.465998323,1
1735,40.49628092,0.23116914,140.7641282,19.08056126,0.465297866,1
1740,49.3303003,0.233933394,103.894244,18.45190535,0.464590951,1
1745,47.82887225,0.228962639,137.877788,25.91304639,0.463877608,1
1750,47.22113514,0.234770554,124.7303153,22.90984155,0.463157863,1
1755,47.32703707,0.218609606,113.1363509,20.35365967,0.462431744,1
1760,41.82223805,0.245437646,136.7258851,23.11926958,0.461699281,1
1765,46.01267353,0.230053488,145.5211964,16.7384161,0.460960501,1
1770,45.94732565,0.241922958,130.5804512,21.9766962,0.460215434,1
1775,40.54231622,0.234052253,141.653582,22.58575414,0.459464108,1
1780,53.07664447,0.235067532,148.4170951,23.73895124,0.458706553,1
1785,45.75226033,0.236072673,145.6125099,19.82305034,0.457942799,1
1790,37.06356373,0.234727086,149.0316414,21.98277952,0.457172875,1
1795,45.94153273,0.236552228,140.2214806,19.92125014,0.456396812,1
1800,37.42577392,0.243291525,133.7223318,22.2436919,0.455614639,1
1805,45.87679293,0.231840212,117.115708,19.90318711,0.454826388,1
1810,47.3783413,0.236840038,130.841694,20.83876337,0.454032089,1
1815,37.12778676,0.228727643,125.0363889,19.62454905,0.453231773,1
1820,45.6957908,0.243901172,155.3444022,22.87979619,0.452425471,1
1825,42.59243869,0.222611077,132.0418222,23.25589844,0.451613216,1
1830,44.29040588,0.247259404,135.19802,21.03135578,0.450795038,1
1835,49.317623,0.22872342,139.6457046,21.53880141,0.449970969,1
1840,38.26228713,0.214692249,134.7313425,18.52699845,0.449141042,1
1845,35.37816756,0.230156044,151.409885,20.78681077,0.44830529,1
1850,34.35898222,0.221939483,128.3965279,21.24786414,0.447463744,1
1855,34.38932824,0.237031435,136.7323344,26.55209496,0.446616438,1
1860,37.74684957,0.22197376,127.5243847,19.04893579,0.445763405,1
1865,39.50428319,0.223913166,121.9112896,24.16371065,0.444904678,1
1870,38.85036263,0.209354593,129.1558424,23.19168488,0.444040291,1
1875,41.2734635,0.223601937,135.0647794,21.72197572,0.443170277,1
1880,36.87548155,0.203761207,131.3033356,24.64080348,0.442294671,1
1885,43.75338625,0.212035972,128.8329561,21.83075664,0.441413506,1
1890,34.84002688,0.235354147,121.8543978,21.82797046,0.440526817,1
1895,49.44413571,0.235483002,135.2465226,20.90663991,0.439634639,1
1900,38.6540211,0.231754576,121.1899811,23.42337049,0.438737006,1
1905,30.92473847,0.217705239,143.9969524,23.13264466,0.437833954,1
1910,29.54338459,0.226772886,137.3796007,19.65194664,0.436925518,1
1915,37.00004017,0.227088975,122.1381021,18.22852299,0.436011734,1
1920,33.16273639,0.215416353,133.7795447,20.42489302,0.435092636,1
1925,37.54499699,0.241908983,129.5076952,19.19473442,0.434168261,1
1930,36.03872932,0.235523623,140.3782346,20.6318396,0.433238646,1
1935,33.00857603,0.224415358,150.7478316,23.19796176,0.432303826,1
1940,28.84159412,0.226768858,118.7480485,19.77279807,0.431363837,1
1945,25.20686111,0.228458828,138.8060894,20.56618926,0.430418718,1
1950,30.25677887,0.205832651,136.2101664,20.73243448,0.429468503,1
1955,36.48235504,0.223653226,144.6801722,22.27792173,0.428513232,1
1960,32.98461717,0.219180158,140.2536271,16.05206981,0.42755294,1
1965,25.4020505,0.2158588,130.7564701,19.29735359,0.426587666,1
1970,32.21608186,0.222938997,135.239741,20.89834404,0.425617447,1
1975,32.99906194,0.243601865,130.6237538,22.84107345,0.424642322,1
1980,26.37837839,0.231908429,149.497432,19.42236553,0.423662327,1
1985,31.29440184,0.21966321,139.1034424,16.61843553,0.422677502,1
1990,30.54787803,0.230975828,158.0548161,21.57644958,0.421687885,1
1995,24.27601538,0.239118554,138.5885035,19.03190252,0.420693514,1
2000,31.51683699,0.234246337,132.2628664,17.88900906,0.419694429,1
2005,32.27188332,0.225471304,124.3612334,18.98548078,0.418690668,1
2010,34.62633059,0.218280632,121.6180457,19.83106373,0.417682271,1
2015,34.22627718,0.231607233,123.958771,18.95668134,0.416669277,1
2020,21.81821687,0.228434854,142.6217086,15.72120773,0.415651725,1
2025,23.76986462,0.233326932,145.1876287,21.892754,0.414629656,1
2030,30.78974635,0.230601718,124.4380335,22.61476566,0.41360311,1
2035,30.54225847,0.234620527,149.3495123,21.33456536,0.412572125,1
2040,30.31052849,0.218647648,135.7173347,17.7227673,0.411536743,1
2045,46.7641353,0.237048941,142.1643198,19.56188393,0.410497005,1
2050,30.12336811,0.225725996,156.9666698,19.91866345,0.40945295,1
2055,32.71845455,0.244377609,149.9605609,21.09624428,0.40840462,1
2060,31.58564187,0.216608122,138.4541966,21.20239589,0.407352055,1
2065,29.85091443,0.240734638,132.3745482,18.36453635,0.406295296,1
2070,24.79927763,0.225229108,119.914917,19.96415335,0.405234386,1
2075,29.95549806,0.21661082,134.3877722,20.68211022,0.404169365,1
2080,22.08493789,0.218161142,139.6138724,22.64668976,0.403100274,1
2085,24.556788,0.219671527,131.9988846,21.11166207,0.402027157,1
2090,23.10930625,0.226991659,140.703252,21.24847405,0.400950054,1
2095,25.744184,0.227853355,142.9291199,19.80583306,0.399869007,1
2100,36.71026194,0.216763,140.0564591,22.42702431,0.39878406,1
2105,15.60628522,0.222131454,135.9490505,20.39366457,0.397695253,1
2110,28.18305992,0.243672704,144.2793206,17.82010249,0.396602631,1
2115,16.50085219,0.239400432,147.1555192,22.31726361,0.395506235,1
2120,22.02098833,0.226363237,131.9751028,20.87468125,0.394406108,1
2125,29.64517866,0.222255035,157.1310413,18.56124301,0.393302294,1
2130,24.34518371,0.222950313,142.178104,18.45690644,0.392194835,1
2135,18.46201526,0.22776018,143.4943941,19.97770941,0.391083774,1
2140,20.10479103,0.211272074,150.5296004,20.27969813,0.389969156,1
2145,26.91350059,0.218801235,145.9208222,19.71678721,0.388851023,1
2150,19.70152937,0.204564159,153.2608795,19.91379775,0.38772942,1
2155,24.2771708,0.225117231,146.7412553,22.66017612,0.386604389,1
2160,23.26793285,0.227471959,137.8857896,21.37253152,0.385475976,1
2165,19.63096368,0.216043135,147.7649984,19.5800028,0.384344224,1
2170,33.4612887,0.236489868,132.8521517,21.05074139,0.383209177,1
2175,25.76749201,0.208367343,145.5141134,17.0725629,0.38207088,1
2180,12.33225279,0.205856251,144.2349716,19.90305681,0.380929376,1
2185,23.2540603,0.222619518,142.6245117,22.69550861,0.379784712,1
2190,18.88044719,0.230720983,143.5583683,18.61059817,0.378636931,1
2195,26.32291801,0.236964277,126.1629714,17.32131667,0.377486078,1
2200,17.97331335,0.215411157,139.6315873,17.68240151,0.376332198,1
2205,21.24120693,0.230661808,146.184317,16.77740781,0.375175337,1
2210,24.2226161,0.219364915,146.9911213,17.3573442,0.374015539,1
2215,25.91307644,0.217898727,135.252154,18.15614513,0.37285285,1
2220,15.47328074,0.228336599,158.3219915,16.05641946,0.371687315,1
2225,19.6965714,0.225898229,137.1388327,18.86928086,0.37051898,1
2230,18.89252888,0.203486078,155.6304825,20.61318744,0.36934789,1
2235,17.90266037,0.233890403,150.3428455,16.9638075,0.368174092,1
2240,29.90251187,0.232800914,139.7432831,21.78867203,0.36699763,1
2245,23.00997581,0.212619373,164.0929833,19.7425699,0.365818551,1
2250,14.59437552,0.222708035,134.5374888,20.75312534,0.364636901,1
2255,25.40574316,0.223565302,155.7990471,17.34737008,0.363452727,1
2260,31.34877086,0.221106738,156.7466431,20.34326092,0.362266073,1
2265,25.8257988,0.212871948,140.1675995,16.42160988,0.361076988,1
2270,12.99603891,0.211533766,160.9311042,20.35733551,0.359885516,1
2275,18.1050753,0.217869459,144.6383044,18.89197732,0.358691706,1
2280,26.79810567,0.22972729,150.1576939,19.62635419,0.357495602,1
2285,16.86646047,0.223311002,150.0056344,16.14031031,0.356297253,1
2290,22.5691223,0.214043857,146.1906584,16.67310196,0.355096705,1
2295,24.17237775,0.225341987,155.7728303,19.62953424,0.353894004,1
2300,15.6177075,0.189014574,155.7303095,16.51031168,0.352689199,1
2305,19.91186018,0.228862657,130.440451,19.30544357,0.351482335,1
2310,3.964256377,0.199852862,161.0991962,15.61687177,0.35027346,1
2315,15.0137439,0.213500591,131.5605722,20.01970499,0.349062621,1
2320,18.84191678,0.205803301,158.6403286,15.8306116,0.347849866,1
2325,13.83890654,0.203928185,159.7109694,19.37265195,0.346635241,1
2330,28.21693607,0.228358268,137.6629829,19.49179965,0.345418795,1
2335,12.88522424,0.211947988,144.5929122,16.81957142,0.344200575,1
2340,17.82075665,0.219965039,137.7720955,19.34983672,0.342980628,1
2345,20.6637278,0.215905794,146.8076993,18.67942759,0.341759003,1
2350,27.20943614,0.221020408,146.0040151,17.05370948,0.340535746,1
2355,12.82080339,0.216893219,157.0080934,16.08722431,0.339310905,1
2360,25.81697731,0.203170078,162.4413882,14.15211282,0.338084529,1
2365,20.05736811,0.225837668,163.4216349,18.74978458,0.336856666,1
2370,15.10770314,0.210812434,143.9692968,14.89408866,0.335627363,1
2375,22.33880581,0.200059181,147.6246235,18.18768149,0.334396668,1
2380,21.0406261,0.211218848,133.0080112,17.44348439,0.333164629,1
2385,17.06527785,0.230382598,141.9089298,19.30214267,0.331931295,1
2390,20.4404006,0.223752217,159.7410715,17.31333068,0.330696713,1
2395,18.19384096,0.211638479,166.3729962,17.23217863,0.329460933,1
2400,20.72100237,0.211507423,137.9979809,19.32855583,0.328224002,1
2405,23.50106034,0.211658649,144.5408183,18.50875807,0.326985968,1
2410,28.1614633,0.23551748,150.325085,18.44486862,0.32574688,1
2415,14.0872508,0.218444355,153.514127,18.72509339,0.324506786,1
2420,30.99041658,0.218800416,142.7395451,14.68950198,0.323265735,1
2425,10.61769956,0.224677835,155.1989482,19.24839783,0.322023775,1
2430,19.67606409,0.216637892,146.3423953,18.93401825,0.320780955,1
2435,23.43738308,0.211534579,151.0584114,15.65006025,0.319537323,1
2440,21.96551424,0.212036502,156.7876169,17.16969677,0.318292928,1
2445,17.51575908,0.213158987,151.5105332,17.55375945,0.317047819,1
2450,19.66128424,0.213377778,147.2036842,17.33798156,0.315802043,1
2455,18.31345941,0.220901295,150.592375,18.2493807,0.314555651,1
2460,17.91213102,0.214019459,150.9254714,20.4191642,0.313308689,1
2465,25.19137007,0.220701401,148.2293175,19.69481792,0.312061208,1
2470,22.81674744,0.212442834,149.4614935,14.88178359,0.310813256,1
2475,17.65932925,0.213911352,168.1556525,18.72538287,0.309564881,1
2480,25.7179714,0.193017993,157.8978029,20.11421357,0.308316132,1
2485,22.85644239,0.222038277,149.4529348,18.20515086,0.307067059,1
2490,25.48809613,0.216214885,159.4961141,19.58876413,0.30581771,1
2495,24.67962807,0.222605101,149.3069105,21.40669593,0.304568133,1
2500,17.49805396,0.183537446,164.4945911,19.40500792,0.303318378,1
2505,18.95750463,0.233258747,156.5777108,17.83172155,0.302068494,1
2510,25.6140828,0.210854104,151.9259171,19.39887832,0.300818528,1
2515,25.05248325,0.223206828,157.5934637,17.57415526,0.299568531,0
2520,22.02294101,0.201600941,137.5245958,17.30794484,0.298318551,0
2525,22.84469017,0.218002739,142.0824532,16.53315011,0.297068636,0
2530,28.78075617,0.201215844,141.5273568,20.33872552,0.295818835,0
2535,19.57271392,0.20538731,155.012226,15.55104183,0.294569198,0
2540,25.40794385,0.230640314,171.0238432,20.22871484,0.293319773,0
2545,21.80711248,0.209468176,176.1273033,18.13986746,0.29207061,0
2550,21.87900669,0.213424329,160.3101329,14.31776602,0.290821755,0
2555,28.61433716,0.219825677,159.0530987,17.82799519,0.28957326,0
2560,27.40426276,0.215956819,136.1488215,12.86904062,0.288325171,0
2565,27.50512956,0.212379189,148.8471192,18.29658526,0.287077539,0
2570,30.12903199,0.21439961,146.5101923,18.79258606,0.285830411,0
2575,23.87435355,0.234659156,148.2934413,15.81404307,0.284583837,0
2580,27.35041862,0.209923812,152.9340823,17.22256003,0.283337866,0
2585,22.5642453,0.21238599,150.0079342,20.86056667,0.282092545,0
2590,25.91492459,0.220756544,135.0488784,15.9176228,0.280847923,0
2595,23.82546185,0.221180259,162.4337334,14.78824243,0.27960405,0
2600,25.1467936,0.221870303,144.3396733,19.84640254,0.278360973,0
2605,27.82676934,0.216262302,157.5717642,20.78534473,0.277118742,0
2610,20.95256611,0.198319951,176.032034,16.84473253,0.275877404,0
2615,35.70178682,0.225959315,146.2089938,18.83751406,0.274637009,0
2620,20.40942043,0.198036546,130.2113182,19.47486234,0.273397604,0
2625,19.5716772,0.212401355,152.7652268,15.28434004,0.272159239,0
2630,31.63972326,0.201707241,166.7456636,15.77617004,0.270921961,0
2635,30.01744605,0.208483617,175.4300634,19.1860789,0.269685819,0
2640,29.39308941,0.212287624,143.6613386,20.07198131,0.268450861,0
2645,29.63094834,0.212088572,161.0337972,17.80541183,0.267217136,0
2650,26.64806845,0.212969208,151.5233962,14.89779297,0.265984691,0
2655,22.44644101,0.224762113,155.2264391,20.60938944,0.264753575,0
2660,27.53845292,0.213035343,182.8385048,15.55124468,0.263523835,0
2665,24.00362286,0.205933434,141.4742443,15.92090366,0.262295521,0
2670,32.49829241,0.217890872,159.1499485,17.25392087,0.261068679,0
2675,27.12390686,0.220019705,161.3978167,19.65570501,0.259843358,0
2680,23.97142186,0.195723922,167.6868109,18.23354785,0.258619606,0
2685,26.7348828,0.213849001,157.916572,17.33361112,0.25739747,0
2690,30.65253923,0.214761727,160.1247696,17.40881367,0.256176998,0
2695,26.01847033,0.204649365,153.2350337,16.54769447,0.254958238,0
2700,24.97831852,0.221257068,159.9497762,17.55544446,0.253741238,0
2705,30.56327499,0.205874444,153.9333043,11.35861712,0.252526044,0
2710,30.82815571,0.208505765,163.6873998,15.80316552,0.251312705,0
2715,27.33013055,0.205394282,153.8817655,16.85773853,0.250101268,0
2720,27.77419196,0.20715579,161.4547957,14.05185156,0.24889178,0
2725,31.55715727,0.195912249,157.496822,17.10538202,0.247684288,0
2730,23.42697025,0.192349491,169.1553472,15.90271897,0.24647884,0
2735,23.9034907,0.222570051,157.4860389,19.80160896,0.245275482,0
2740,27.62491198,0.198030387,140.3745204,19.41576307,0.244074263,0
2745,30.4290991,0.196461077,170.8286672,15.31724819,0.242875227,0
2750,33.33292481,0.184716099,149.256475,15.92638906,0.241678424,0
2755,39.44004232,0.199735383,151.88022,16.05944369,0.240483898,0
2760,36.63922725,0.192769102,152.5650959,15.28336319,0.239291697,0
2765,31.84166928,0.222295152,172.369656,16.55614417,0.238101868,0
2770,32.83944952,0.215848171,137.3718405,14.62901063,0.236914457,0
2775,28.21775889,0.198743497,190.2091177,13.86389296,0.23572951,0
2780,33.43639212,0.228024358,169.4949928,17.35016299,0.234547073,0
2785,32.38686378,0.215192655,161.2693496,17.34348445,0.233367193,0
2790,35.74756591,0.202001686,158.5903001,14.45554611,0.232189916,0
2795,30.30422111,0.180130943,162.0968052,17.83470822,0.231015288,0
2800,37.34606706,0.227909426,164.5542583,14.76072878,0.229843354,0
2805,42.72451275,0.190979275,165.8967054,16.51016853,0.228674161,0
2810,34.83099505,0.188296013,165.1018561,17.6245466,0.227507755,0
2815,37.6997945,0.214850704,160.5426275,15.89672046,0.22634418,0
2820,39.46082681,0.228897524,157.7741934,16.85358069,0.225183482,0
2825,34.32527442,0.218217728,158.3353501,14.8914589,0.224025706,0
2830,37.77547595,0.209889091,157.9992546,15.51167017,0.222870898,0
2835,37.0439468,0.210072543,171.3860425,15.47323523,0.221719104,0
2840,37.79763842,0.212534156,166.0836631,14.37221355,0.220570367,0
2845,33.77475119,0.211464286,130.8437149,15.49230323,0.219424732,0
2850,38.09512917,0.206561914,166.9058659,12.72916122,0.218282245,0
2855,40.79755066,0.204667011,162.3932291,14.82470134,0.217142951,0
2860,45.90042738,0.202874069,160.3575414,15.21793337,0.216006892,0
2865,43.78034912,0.195835354,156.7579597,15.25606469,0.214874115,0
2870,50.09129451,0.200443249,171.9825406,15.26623323,0.213744663,0
2875,35.83209909,0.186195432,170.314702,15.60656754,0.212618581,0
2880,44.37592786,0.202016604,153.2084398,16.66991045,0.211495911,0
2885,41.27852103,0.192989089,165.1052743,17.4410565,0.210376699,0
2890,51.6602758,0.191714107,151.4154756,14.37355008,0.209260988,0
2895,37.02114869,0.204423942,147.4329098,13.24780003,0.208148821,0
2900,37.21730361,0.216420023,155.0587254,13.55129696,0.207040242,0
2905,38.7740807,0.211558166,170.0463969,14.64222659,0.205935295,0
2910,31.50851928,0.186544994,171.050036,14.89409886,0.204834022,0
2915,39.85796396,0.192228719,166.7457226,14.03932062,0.203736466,0
2920,39.05156824,0.211407712,168.9616693,12.96851268,0.20264267,0
2925,43.96140822,0.192050126,166.9680979,14.62999939,0.201552678,0
2930,45.28210595,0.199503669,155.4868641,15.88665091,0.200466531,0
2935,53.3197097,0.207125521,166.3160323,16.69547459,0.199384272,0
2940,49.05811023,0.191816555,170.0957914,14.37224872,0.198305943,0
2945,41.79017769,0.202428755,169.7292619,14.64283932,0.197231587,0
2950,40.55286005,0.187909745,174.1698984,13.59723924,0.196161245,0
2955,47.8762622,0.195111324,169.4579834,15.36961898,0.19509496,0
2960,39.18869157,0.204197819,165.9833722,13.71756188,0.194032772,0
2965,55.32176369,0.184945063,173.2641031,16.54265675,0.192974723,0
2970,52.43766627,0.205154747,162.3908647,11.80671009,0.191920856,0
2975,44.57192914,0.200428622,153.930574,14.64128543,0.19087121,0
2980,38.73078471,0.2060249,161.2116613,15.94492072,0.189825826,0
2985,54.44573952,0.202614141,155.4860826,15.6925957,0.188784747,0
2990,47.48483107,0.213891404,156.2758728,20.69327379,0.187748012,0
2995,54.62895874,0.201377245,161.6747843,15.98914528,0.186715661,0
3000,40.85124178,0.195705945,155.2878567,13.26383357,0.185687736,0
3005,46.2111255,0.201097975,160.2242956,15.06347038,0.184664276,0
3010,49.61991884,0.20518298,144.4593899,11.6844207,0.183645322,0
3015,50.21534366,0.200113601,165.6198705,15.05828656,0.182630912,0
3020,48.11785564,0.199905917,163.5901568,13.53600462,0.181621088,0
3025,53.87113813,0.192355083,155.4981568,17.01558576,0.180615887,0
3030,45.8084161,0.192620991,170.3522137,14.06847075,0.17961535,0
3035,50.82513594,0.185098947,173.2259458,14.91682298,0.178619515,0
3040,52.52987293,0.216495767,147.8649073,13.86209986,0.177628422,0
3045,54.8927575,0.186436368,156.4032943,18.59383601,0.176642109,0
3050,56.27157422,0.191820948,156.42893,14.45662239,0.175660614,0
3055,47.48395451,0.191440927,154.8109095,18.74725328,0.174683977,0
3060,45.83094854,0.207449244,172.5940524,16.69353045,0.173712234,0
3065,60.28490776,0.195425503,162.4501828,16.0125044,0.172745425,0
3070,55.95370832,0.210727421,161.8322135,15.76903736,0.171783587,0
3075,50.94589096,0.191390094,144.5274339,15.80242168,0.170826757,0
3080,62.84080007,0.200789942,171.0087121,11.14279366,0.169874973,0
3085,56.06062141,0.189521529,152.3502012,14.4237393,0.168928271,0
3090,61.77639397,0.219201491,165.4301444,16.65524466,0.16798669,0
3095,56.61557228,0.185749016,167.6924006,14.85061214,0.167050266,0
3100,66.98016351,0.200598207,178.612811,12.12155959,0.166119035,0
3105,65.85190447,0.203712769,152.0053963,14.81071795,0.165193033,0
3110,56.22944837,0.201387991,134.9856357,18.30738007,0.164272298,0
3115,62.73144529,0.195272123,167.1061921,17.37664909,0.163356864,0
3120,61.50000434,0.195701793,183.3595308,14.74260852,0.162446768,0
3125,65.51598913,0.197313115,177.8303883,16.75332005,0.161542045,0
3130,54.2480535,0.19527998,167.6238087,14.1012663,0.160642731,0
3135,62.90286029,0.206263791,160.696927,11.41044972,0.15974886,0
3140,65.16471036,0.21860523,173.7703742,12.95322702,0.158860468,0
3145,51.47888817,0.190800082,156.0493313,17.91195598,0.157977589,0
3150,54.75626346,0.18255197,170.6338022,14.22226491,0.157100258,0
3155,50.87629829,0.19524218,171.0101439,14.26760875,0.156228508,0
3160,60.12522092,0.221797093,176.6425465,14.13887878,0.155362375,0
3165,65.45961507,0.187838254,193.7218407,18.53105946,0.154501892,0
3170,69.78315055,0.212141168,170.1339811,17.9589877,0.153647092,0
3175,63.04107356,0.212402008,161.2045551,19.12896623,0.152798009,0
3180,71.2126447,0.189964118,166.1226075,14.35770336,0.151954676,0
3185,56.56772004,0.201064831,148.7715407,15.25148272,0.151117126,0
3190,55.34962867,0.211533966,159.598908,11.6114404,0.150285392,0
3195,63.98672926,0.191333723,162.5367454,17.5831377,0.149459506,0
3200,66.58229544,0.192964196,161.4720077,12.27830454,0.148639501,0
3205,64.8955287,0.189058191,168.3195542,15.03206083,0.147825408,0
3210,55.1183203,0.184602433,158.6547125,12.3886018,0.147017259,0
3215,65.40591341,0.188132225,178.1719178,13.39022128,0.146215087,0
3220,59.72456376,0.182260597,167.0461745,12.87822891,0.145418921,0
3225,69.99004698,0.194715835,167.0333875,13.32185267,0.144628794,0
3230,68.86878428,0.186550268,163.9295249,13.44425762,0.143844736,0
3235,62.72979935,0.196462859,168.8422554,13.41091552,0.143066777,0
3240,65.25252602,0.178441044,175.6230032,16.1591211,0.142294949,0
3245,62.91767314,0.197183802,158.7821865,12.26777778,0.141529281,0
3250,68.29140404,0.20208529,160.9535884,14.90368606,0.140769804,0
3255,73.77070943,0.173687644,164.5785547,16.88367093,0.140016546,0
3260,64.45566641,0.197240566,154.2379651,13.40655873,0.139269538,0
3265,72.2928896,0.20565169,159.5847532,12.98236178,0.138528808,0
3270,67.50875207,0.18115359,163.0955791,13.9424475,0.137794386,0
3275,66.58204313,0.209850724,176.6819348,16.74829328,0.137066299,0
3280,70.396568,0.19719019,170.6437111,14.762453,0.136344578,0
3285,66.13972753,0.185824881,170.0338518,13.29725263,0.135629249,0
3290,68.93078037,0.192192309,176.6865878,15.31292645,0.134920341,0
3295,66.0915553,0.198208269,166.883347,12.12612905,0.134217881,0
3300,82.28528021,0.193260054,172.2409716,15.67902069,0.133521897,0
3305,73.01743592,0.19776256,167.3831659,15.11915256,0.132832416,0
3310,69.72067015,0.183043264,171.1478698,13.67200509,0.132149465,0
3315,74.66605485,0.193818608,162.7453257,12.59618215,0.131473071,0
3320,73.41001304,0.177862855,144.2632103,12.48577111,0.13080326,0
3325,73.24090614,0.190762739,167.386864,15.31459415,0.130140058,0
3330,77.78925392,0.182710924,183.0352152,16.68879417,0.129483491,0
3335,78.87715343,0.184269701,178.1477711,12.94213838,0.128833585,0
3340,72.80679464,0.203860932,178.6172807,15.11949483,0.128190365,0
3345,72.94834876,0.202288101,181.4021079,10.01468164,0.127553856,0
3350,74.81873834,0.197341381,170.0046779,13.00556101,0.126924084,0
3355,65.04932847,0.180201872,171.1683674,14.09878578,0.126301072,0
3360,69.34626057,0.187835916,163.0956072,12.32769022,0.125684846,0
3365,84.11817661,0.203005977,166.1881213,12.2602438,0.125075428,0
3370,85.86850485,0.192167169,175.5830935,12.78394285,0.124472844,0
3375,76.75658275,0.213818295,181.5405675,14.69017861,0.123877116,0
3380,81.24084427,0.194433178,168.1834108,13.71747192,0.123288267,0
3385,80.26877094,0.192295491,165.1519413,9.602049768,0.122706322,0
3390,94.45951369,0.187158835,169.7348842,9.823539522,0.122131302,0
3395,85.01366718,0.191460409,175.8172535,12.83768223,0.12156323,0
3400,79.12494609,0.188475302,155.4420306,14.95330353,0.121002128,0
3405,75.33359682,0.196956087,146.9939738,8.529483315,0.120448019,0
3410,72.42382129,0.199317023,164.5254316,13.01164,0.119900923,0
3415,81.81607936,0.181765105,157.8985052,12.94525657,0.119360862,0
3420,77.35763587,0.17618767,165.0988701,16.76112418,0.118827857,0
3425,74.36663555,0.171012946,168.7769251,13.20114562,0.118301929,0
3430,78.5814064,0.194329913,165.7965145,14.72395195,0.117783099,0
3435,76.74071613,0.178091334,184.9277588,14.22731698,0.117271387,0
3440,90.91613481,0.167471094,173.744431,9.670542289,0.116766813,0
3445,87.21834789,0.192760786,173.5554423,15.45500592,0.116269396,0
3450,83.09772737,0.213679995,176.8463014,14.33634427,0.115779156,0
3455,90.862439,0.188564291,159.3092465,14.90909171,0.115296112,0
3460,84.17234133,0.196884908,181.1618601,21.73207626,0.114820283,0
3465,79.79948173,0.189193294,170.0860812,9.698464493,0.114351688,0
3470,92.0395155,0.187261103,177.6213299,17.30321616,0.113890344,0
3475,87.43399534,0.197315765,160.2705693,13.26610313,0.11343627,0
3480,79.86629044,0.185097255,155.5239905,14.40287397,0.112989484,0
3485,84.41139868,0.190548923,179.3127305,13.72445219,0.112550004,0
3490,81.29303537,0.190966978,174.9700044,12.95430694,0.112117845,0
3495,79.06259546,0.180944095,162.257289,12.65045892,0.111693025,0
3500,90.91035169,0.197420423,162.6528895,14.43652953,0.111275562,0
3505,96.12678906,0.185625402,182.6754049,10.73059392,0.11086547,0
3510,79.88445196,0.179692548,159.5982962,15.25357074,0.110462766,0
3515,89.98703227,0.192490098,187.9903247,12.90753637,0.110067466,0
3520,84.2111523,0.17801532,162.62839,11.46734084,0.109679585,0
3525,85.31817088,0.187156812,178.0893415,12.81504956,0.109299139,0
3530,85.07848547,0.18665881,168.4898856,16.21701074,0.108926142,0
3535,84.00435451,0.197483956,177.8784164,12.61972031,0.108560608,0
3540,88.84793736,0.191246982,166.4756978,14.39501689,0.108202553,0
3545,84.72873899,0.18612473,170.359029,12.20395715,0.10785199,0
3550,90.51104573,0.194427663,172.4660949,15.16951418,0.107508932,0
3555,89.17992723,0.200027075,162.1047991,15.01252733,0.107173394,0
3560,88.50579064,0.191578103,179.6045134,17.32661136,0.106845388,0
3565,85.42915562,0.185978526,167.1335568,13.26618796,0.106524927,0
3570,87.34656367,0.172631638,170.0489425,14.94258782,0.106212024,0
3575,94.26779982,0.174973863,162.4605242,13.7894157,0.10590669,0
3580,93.25280395,0.182447753,146.8495851,16.17306652,0.105608938,0
3585,86.1147413,0.179279878,170.6313758,12.13174031,0.10531878,0
3590,91.75037834,0.183380287,196.7363678,15.04753751,0.105036226,0
3595,95.25872638,0.185691499,180.5246454,13.15629361,0.104761288,0
3600,83.39968815,0.190296928,172.5542169,13.40551256,0.104493976,0
3605,94.70526466,0.184170012,170.1859603,13.70563387,0.104234302,0
3610,88.91389523,0.189615016,173.1074054,14.01488881,0.103982274,0
3615,95.31533503,0.185269744,178.4216461,13.26626805,0.103737904,0
3620,88.87812735,0.164745334,161.2098662,13.91650949,0.1035012,0
3625,83.89882466,0.174981646,184.2285821,16.63171498,0.103272171,0
3630,85.01104271,0.182809124,180.3063808,15.4348126,0.103050828,0
3635,93.61138452,0.172028053,180.4014597,15.19069526,0.102837177,0
3640,94.88844011,0.189999287,177.6712272,12.52981822,0.102631228,0
3645,89.28375334,0.199182508,173.5493368,11.65096506,0.102432989,0
3650,97.21042712,0.195937619,180.1483165,15.32863537,0.102242468,0
3655,85.91859115,0.181490571,179.4042132,15.15875336,0.102059671,0
3660,94.10109652,0.198407261,170.0118668,16.3406645,0.101884606,0
3665,88.57827545,0.184861675,167.8822929,12.17606299,0.10171728,0
3670,91.57257353,0.17987914,174.7027454,12.91366563,0.1015577,0
3675,95.2636619,0.176990973,189.2400913,10.08257079,0.101405871,0
3680,90.91601356,0.179975303,161.4243624,12.56541043,0.101261799,0
3685,93.48319272,0.178993232,159.2055601,15.33234441,0.101125491,0
3690,100.621784,0.184454162,175.5936376,12.39510049,0.100996951,0
3695,92.88665108,0.18423074,174.5199598,14.59797567,0.100876185,0
3700,100.1267844,0.18253046,175.8093906,12.92497155,0.100763198,0
3705,90.47340817,0.186744382,176.580235,13.94309024,0.100657992,0
3710,98.94096977,0.194156463,171.973248,10.98862844,0.100560574,0
3715,103.6661693,0.191620541,189.1683112,13.44350164,0.100470946,0
3720,84.26283513,0.16715102,158.3248825,7.279918682,0.100389112,0
3725,92.79565076,0.156335789,166.1130371,12.87754244,0.100315076,0
3730,99.82087909,0.191093199,173.4293848,9.979568531,0.100248839,0
3735,96.07198942,0.167956213,158.0938097,15.64172032,0.100190406,0
3740,99.09093492,0.179252346,172.83076,14.77379814,0.100139777,0
3745,94.35954534,0.16967387,191.2674531,14.14161332,0.100096956,0
3750,97.95294801,0.163230196,174.9249053,16.23960738,0.100061943,0
3755,96.87838873,0.186539627,177.0861804,11.28912097,0.10003474,0
3760,103.6286954,0.188591552,162.240497,16.67107492,0.100015348,0
3765,99.19112054,0.175109896,168.7413467,15.03016145,0.100003769,0
3770,99.73246901,0.154839577,171.2156562,12.68213272,0.100000001,0
3775,96.10670582,0.175162556,171.8529718,15.41598362,0.100004046,0
3780,95.84587791,0.18441804,187.9089075,10.92169128,0.100015904,0
3785,96.23510811,0.165585884,180.7315712,11.47481978,0.100035573,0
3790,100.48031,0.182083599,164.1021168,11.89627316,0.100063053,0
3795,96.50942639,0.179971902,177.743625,12.04513629,0.100098343,0
3800,100.1656612,0.185792915,180.3225211,10.97965001,0.100141442,0
3805,109.1923573,0.181070804,186.8033662,15.52863937,0.100192348,0
3810,103.2656618,0.170019311,191.2687012,12.55450663,0.100251059,0
3815,97.37071456,0.191590715,165.3736176,13.7670017,0.100317572,0
3820,105.0937957,0.177914704,167.4770966,11.91109938,0.100391886,0
3825,97.13033444,0.179101955,163.0708527,9.400439776,0.100473997,0
3830,89.05915677,0.16991732,173.3672401,13.57163915,0.100563901,0
3835,94.28449108,0.174692177,180.431678,9.196926226,0.100661596,0
3840,90.04217376,0.170151973,185.7019435,12.8741134,0.100767078,0
3845,97.70583709,0.177145539,175.1294411,10.26473019,0.100880343,0
3850,99.61882125,0.195867085,172.7506784,16.96592438,0.101001385,0
3855,107.9682881,0.164905989,177.5267856,14.80414319,0.101130201,0
3860,101.2761521,0.162364386,167.7176788,13.18300381,0.101266785,0
3865,98.59746205,0.193086703,197.0242475,15.48902109,0.101411132,0
3870,103.8874728,0.176156763,160.1118533,11.25912019,0.101563236,0
3875,88.72827462,0.171434273,178.0953239,14.02888811,0.101723092,0
3880,101.0015518,0.188399047,196.5432863,13.33176011,0.101890693,0
3885,103.7133506,0.171818845,176.4343805,13.45042188,0.102066032,0
3890,92.49765305,0.196010097,174.525002,15.45736366,0.102249104,0
3895,105.6369252,0.184404259,172.909801,14.36794818,0.1024399,0
3900,101.6342159,0.172620886,174.7390544,13.47075086,0.102638413,0
3905,97.88487898,0.198948082,190.3300253,9.573900371,0.102844635,0
3910,103.1408165,0.171192851,154.5413445,10.9539864,0.103058559,0
3915,111.3419625,0.184545954,192.0525778,12.61909681,0.103280176,0
3920,100.9054216,0.179992926,162.536801,13.04172694,0.103509477,0
3925,101.2407859,0.189892413,174.1678358,10.58507398,0.103746454,0
3930,97.70247109,0.192365112,172.5997566,17.65936564,0.103991097,0
3935,95.7456465,0.176945041,182.8354309,15.85936276,0.104243396,0
3940,104.1381407,0.168965821,161.026208,14.02140506,0.104503342,0
3945,95.69363722,0.180974721,181.6865877,12.95186721,0.104770925,0
3950,100.3154849,0.169472846,197.3652235,12.37403182,0.105046134,0
3955,97.54896803,0.196258872,163.5475105,10.8853002,0.105328958,0
3960,102.3077623,0.177365353,179.1332928,12.93481652,0.105619386,0
3965,101.5527903,0.172221784,170.6732477,13.2861098,0.105917407,0
3970,105.0398078,0.177596803,181.608638,10.2778636,0.10622301,0
3975,97.2656691,0.162153737,177.5977986,13.42054829,0.106536182,0
3980,98.42603792,0.16578386,171.0478654,12.43251864,0.106856912,0
3985,94.83727802,0.187379139,182.3977301,8.918293393,0.107185185,0
3990,97.46134123,0.168681057,195.6186206,11.00404063,0.107520991,0
3995,101.5170527,0.16465589,175.7220937,11.888532,0.107864315,0
4000,103.3592729,0.180366528,184.8845634,16.48208098,0.108215145,0
4005,94.9033255,0.186732042,164.8099673,13.81080458,0.108573466,0
4010,103.7980526,0.181939533,168.2339068,10.01775784,0.108939265,0
4015,106.1601382,0.184585477,182.5777684,13.65184607,0.109312527,0
4020,101.3771112,0.166932049,192.7501625,9.576247808,0.109693238,0
4025,108.6179725,0.160156893,181.5202942,14.82734986,0.110081383,0
4030,95.28518084,0.189263337,174.8886012,11.71086,0.110476946,0
4035,92.84707136,0.170898202,178.066979,12.45700795,0.110879912,0
4040,90.08905466,0.17149167,165.624734,15.28707403,0.111290266,0
4045,106.3712903,0.187156941,184.2285742,10.05238329,0.111707992,0
4050,102.0674207,0.1793123,187.0612249,9.823732928,0.112133072,0
4055,98.41831328,0.178183878,173.7713283,11.44205861,0.112565491,0
4060,99.99285437,0.195150023,173.6460118,14.67733192,0.113005232,0
4065,92.85848134,0.166939818,181.0592819,9.553227917,0.113452277,0
4070,110.6037533,0.182528401,174.0872335,6.918983522,0.113906609,0
4075,98.90632858,0.173695131,177.8469014,11.67238035,0.114368211,0
4080,98.68859996,0.175685923,199.5591077,13.66961163,0.114837064,0
4085,101.6480483,0.188159684,176.1451612,14.95811401,0.115313149,0
4090,100.2980486,0.177828358,175.0854114,11.62275667,0.115796449,0
4095,98.88242063,0.178007961,172.2466562,11.7177434,0.116286944,0
4100,93.67684999,0.183225073,186.2171223,14.83994352,0.116784616,0
4105,99.84902292,0.168725473,177.0159566,8.784232235,0.117289444,0
4110,106.7605134,0.163857903,172.3873314,11.7382757,0.11780141,0
4115,103.9324658,0.161676908,192.1468335,12.8877946,0.118320492,0
4120,105.022553,0.152336434,193.1824229,13.39704169,0.118846672,0
4125,94.34809003,0.192437071,173.0346256,11.47067604,0.119379927,0
4130,91.80000251,0.160717916,160.4257992,12.55088431,0.119920239,0
4135,95.95927544,0.169412464,189.2185423,7.49708801,0.120467584,0
4140,96.70335925,0.168731867,172.3491835,11.14901381,0.121021943,0
4145,101.7285745,0.174449067,187.1536841,13.36432337,0.121583292,0
4150,87.6245502,0.179407372,159.5982066,10.4845405,0.122151611,0
4155,103.5602728,0.179729735,188.2769054,12.55894684,0.122726878,0
4160,94.94453825,0.165169226,167.2907709,13.32660035,0.123309069,0
4165,93.41865556,0.169203783,186.7615608,11.73966093,0.123898162,0
4170,90.30746691,0.1735758,179.6479514,12.7576178,0.124494134,0
4175,86.90509654,0.168138089,170.0169994,10.4831829,0.125096961,0
4180,99.10310603,0.186573456,175.5370757,11.98741001,0.125706621,0
4185,95.15821745,0.17528475,186.5215411,13.61307612,0.126323089,0
4190,88.14271849,0.177598778,180.7680917,12.6986275,0.126946342,0
4195,87.91456528,0.176753813,185.6039407,11.20368334,0.127576354,0
4200,92.50503283,0.181734739,199.574754,12.81726939,0.128213101,0
4205,102.3196428,0.171685216,164.2183432,13.79017319,0.128856559,0
4210,92.46375977,0.156781681,196.0831703,8.253214303,0.129506702,0
4215,86.02980701,0.17362188,181.0047635,14.66341439,0.130163505,0
4220,92.09725718,0.162986431,171.0233981,11.66495225,0.130826943,0
4225,91.73947281,0.164088833,166.7580118,13.18066302,0.131496988,0
4230,79.39246532,0.17511364,178.219729,14.71642432,0.132173616,0
4235,92.37594441,0.181507831,189.3770946,9.570856196,0.132856799,0
4240,91.26000159,0.169212716,178.9346389,10.88762042,0.133546512,0
4245,95.65972012,0.17196333,195.3710923,11.72172949,0.134242726,0
4250,101.184265,0.185772149,165.7970756,10.72366984,0.134945415,0
4255,97.32991194,0.171032532,180.2371094,15.75342549,0.135654552,0
4260,90.10707595,0.194516831,167.8831081,10.56240898,0.136370109,0
4265,85.67017735,0.174030096,184.0922826,11.15728573,0.137092057,0
4270,103.8177731,0.150642372,189.3736368,12.66960868,0.137820369,0
4275,90.99213844,0.175658416,176.3458222,9.849008005,0.138555015,0
4280,90.50769531,0.171811584,154.5598572,11.45444711,0.139295969,0
4285,90.05638222,0.180772528,182.6399117,12.87324149,0.1400432,0
4290,90.90337258,0.174481814,185.0661292,11.56516547,0.140796679,0
4295,88.92409657,0.16624044,184.7898841,12.03668865,0.141556377,0
4300,86.50757388,0.155257018,193.1528311,11.15739894,0.142322264,0
4305,86.36863693,0.165284767,170.1324249,9.179747969,0.14309431,0
4310,88.66330274,0.158744795,187.6929555,12.84452497,0.143872486,0
4315,85.83120001,0.161319766,192.8635829,15.70387911,0.14465676,0
4320,84.70249492,0.172885784,163.2002261,12.22351503,0.145447102,0
4325,88.51444828,0.183574045,184.2300956,12.6299631,0.146243482,0
4330,86.42018617,0.170696715,176.0391359,13.55762769,0.147045868,0
4335,94.92504282,0.154666169,180.3129461,9.62629263,0.147854228,0
4340,73.85749397,0.170946027,184.6520583,15.56277844,0.148668532,0
4345,92.2744312,0.178341315,176.3500108,12.5552262,0.149488746,0
4350,92.74919517,0.160152171,174.5121013,15.40712577,0.150314841,0
4355,75.85103845,0.164784828,181.6574748,10.67021317,0.151146782,0
4360,84.20115027,0.166146882,170.490143,15.76529393,0.151984538,0
4365,83.7513911,0.158026017,170.5508864,13.67239566,0.152828076,0
4370,78.26248331,0.172232804,188.2492896,13.221103,0.153677362,0
4375,81.09987471,0.164415519,170.0139197,12.5760334,0.154532364,0
4380,79.12249642,0.169695324,188.2111726,11.60391234,0.155393049,0
4385,93.12067784,0.156500078,186.2200328,14.49504132,0.156259382,0
4390,88.71923165,0.160875417,164.3820098,12.36772943,0.157131331,0
4395,90.07772516,0.172348814,174.9102731,8.145925171,0.158008859,0
4400,87.00504804,0.161271668,193.6727416,9.838769649,0.158891935,0
4405,77.42582724,0.182144639,171.9656061,11.6945521,0.159780522,0
4410,80.12057605,0.160753638,177.1787188,12.67936556,0.160674587,0
4415,84.85986718,0.166871847,186.4887567,11.93933748,0.161574094,0
4420,75.96993103,0.173825908,189.7473258,14.48362571,0.162479009,0
4425,85.3109299,0.150191343,179.4431919,8.136672811,0.163389295,0
4430,80.20750385,0.146641912,176.028526,12.31926747,0.164304918,0
4435,79.196079,0.148868437,196.2722613,8.389370786,0.165225841,0
4440,84.28392808,0.176625841,199.4823818,13.53801397,0.166152029,0
4445,82.6073171,0.158356419,191.9266763,11.82295452,0.167083445,0
4450,78.23600343,0.189331993,183.0358762,12.84439682,0.168020053,0
4455,85.49031293,0.157982524,174.1445252,10.27073816,0.168961817,0
4460,73.93920758,0.165345513,173.9671149,14.55078335,0.169908699,0
4465,82.07312811,0.1787961,187.5409658,14.06867436,0.170860663,0
4470,81.60598291,0.183310929,186.5439622,13.14570724,0.171817672,0
4475,76.73790692,0.183740036,196.4200109,11.71299972,0.172779687,0
4480,79.55963819,0.175083662,188.9524609,13.12518628,0.173746672,0
4485,71.31494627,0.173115625,167.4609822,10.54514591,0.174718589,0
4490,81.83043328,0.168675269,193.0549773,13.66352347,0.1756954,0
4495,75.92385053,0.170408611,172.5985015,15.24487673,0.176677066,0
4500,73.87112431,0.156988143,178.7828929,14.08066048,0.17766355,0
4505,81.36451528,0.154193011,185.1679969,10.47378038,0.178654812,0
4510,72.2308685,0.162216255,202.6659507,12.6493874,0.179650815,0
4515,68.34182303,0.160423154,213.8516342,9.333858526,0.180651518,0
4520,67.23098781,0.15746772,188.8627442,13.05853242,0.181656884,0
4525,77.67268619,0.168838874,181.0065049,12.80859007,0.182666872,0
4530,67.86752818,0.171303052,188.2263778,8.161403206,0.183681444,0
4535,82.6692574,0.162509069,191.8006189,9.57114196,0.184700559,0
4540,63.10986149,0.176275301,179.7600249,11.32212667,0.185724178,0
4545,81.62466047,0.149958109,200.9613447,11.28040077,0.186752261,0
4550,73.81902183,0.159313405,185.3523626,9.456903101,0.187784768,0
4555,71.90064842,0.153956777,188.0714039,12.64757198,0.188821658,0
4560,69.27865962,0.142334634,189.7954278,12.36634007,0.189862891,0
4565,73.61677639,0.160048193,187.3941583,11.46865362,0.190908427,0
4570,71.04960096,0.159532525,191.6096989,10.33942855,0.191958223,0
4575,76.36983877,0.175759497,177.0896589,13.94226604,0.19301224,0
4580,71.03893718,0.166808117,177.7209655,15.14952674,0.194070437,0
4585,70.83273054,0.150133132,172.3441286,10.86547071,0.195132771,0
4590,67.87557535,0.178790926,187.7822671,10.60216137,0.196199201,0
4595,69.02035362,0.172335337,191.2180998,12.80283235,0.197269686,0
4600,70.45460541,0.165820977,188.0478398,11.09830031,0.198344185,0
4605,59.97437787,0.157610159,200.2563086,11.52952687,0.199422653,0
4610,61.39306349,0.150155608,183.4965942,13.28160987,0.200505051,0
4615,71.45826843,0.155902932,190.2810382,7.977593716,0.201591336,0
4620,68.20345833,0.170387486,172.7175776,14.42693282,0.202681464,0
4625,66.03566273,0.178220863,179.8044517,11.9297314,0.203775394,0
4630,66.6535018,0.174682435,190.6715867,10.95544606,0.204873082,0
4635,67.90433725,0.154236506,192.2478889,11.5940458,0.205974487,0
4640,63.07211028,0.147803826,180.8577554,11.69147428,0.207079564,0
4645,61.48328792,0.160283862,183.1218882,8.298334045,0.208188271,0
4650,65.95740322,0.141065606,168.6994981,14.74475376,0.209300565,0
4655,59.68918063,0.161856677,180.3481977,11.83168871,0.210416401,0
4660,66.22471777,0.157023974,192.8624749,12.62922129,0.211535737,0
4665,55.27252711,0.153714635,189.7507467,13.64051552,0.212658528,0
4670,68.53283591,0.142302969,189.045307,9.689309319,0.213784731,0
4675,65.35131903,0.163261001,184.5762402,12.67281553,0.214914302,0
4680,63.86945535,0.152672992,184.188889,11.18484622,0.216047196,0
4685,67.10347773,0.146175832,177.5547008,13.40794574,0.21718337,0
4690,70.11789216,0.129027378,191.1857521,7.454244179,0.218322779,0
4695,66.46268835,0.157349851,188.4466543,11.50482424,0.219465379,0
4700,51.78664586,0.175222516,189.1964718,10.49170427,0.220611124,0
4705,54.19321208,0.173987592,179.0551951,12.55622308,0.22175997,0
4710,57.06702482,0.152679037,162.8212765,12.62615595,0.222911873,0
4715,59.92157463,0.151102879,195.3652972,10.26520492,0.224066787,0
4720,61.97943705,0.161687743,179.6443624,10.25051678,0.225224667,0
4725,55.36250633,0.146891146,175.8438489,11.44796019,0.226385468,0
4730,59.52524354,0.159767919,191.4451681,9.87045143,0.227549144,0
4735,54.41482024,0.164285803,180.6289283,13.34216672,0.228715651,0
4740,54.7346519,0.168769332,195.1869977,10.9142668,0.229884942,0
4745,50.35966221,0.155373459,190.7961761,5.833204998,0.231056972,0
4750,52.37778895,0.154213262,191.5001965,10.89205586,0.232231695,0
4755,49.83682024,0.147345174,171.0432371,9.559149108,0.233409066,0
4760,51.31750556,0.147731196,196.8604293,8.368240076,0.234589037,0
4765,61.06708968,0.153610211,187.3915946,9.150511508,0.235771564,0
4770,50.65431523,0.159423655,181.1243227,11.83877287,0.236956599,0
4775,68.16610884,0.164760846,186.2888886,14.27184672,0.238144097,0
4780,57.07417644,0.14746821,167.1304668,12.23556108,0.239334012,0
4785,55.13569521,0.170301886,189.017068,10.39083031,0.240526296,0
4790,49.52423219,0.152538764,174.6744514,12.51030826,0.241720903,0
4795,56.92269538,0.154911327,171.4789963,10.67499979,0.242917787,0
4800,50.14873962,0.147527883,169.8195462,10.19867791,0.2441169,0
4805,53.2434579,0.130632597,196.2073673,9.273869192,0.245318197,0
4810,65.04104824,0.163590454,178.8251018,8.073670382,0.246521629,0
4815,51.36831871,0.161993439,200.492172,10.79223158,0.247727151,0
4820,57.20379263,0.151686724,179.8339467,11.88295443,0.248934714,0
4825,47.55120591,0.155044907,168.1553556,11.36838598,0.250144272,0
4830,50.5027009,0.159409392,174.1005723,10.72450269,0.251355778,0
4835,59.14313408,0.138499541,197.6607224,9.659764936,0.252569184,0
4840,46.76675425,0.148709473,183.780322,12.76258719,0.253784442,0
4845,58.57730079,0.161817647,179.8930368,8.906685899,0.255001506,0
4850,52.66833462,0.141207106,187.0126066,13.08787762,0.256220328,0
4855,45.93284504,0.156560579,190.4666751,9.526276871,0.257440859,0
4860,51.52394707,0.139934182,196.6591683,10.02074656,0.258663054,0
4865,52.84257388,0.1580393,200.0064142,8.586969728,0.259886863,0
4870,50.7079467,0.152893585,181.9598867,10.51267579,0.261112238,0
4875,39.36810866,0.136973682,172.3331572,13.46106181,0.262339133,0
4880,43.2051598,0.164647394,181.4949534,12.53666666,0.263567499,0
4885,45.22618184,0.145529084,188.2682912,13.45724503,0.264797288,0
4890,45.71589082,0.144647476,176.0636884,12.53969288,0.266028452,0
4895,48.81709258,0.154630692,176.1654707,9.283091741,0.267260944,0
4900,46.22933983,0.163986373,189.2104717,10.82389312,0.268494714,0
4905,38.29268168,0.142216782,185.3215934,9.920129978,0.269729715,0
4910,46.50046442,0.152866798,186.1715223,14.13675117,0.270965898,0
4915,47.28401563,0.156413165,178.2939459,9.077113582,0.272203215,0
4920,46.66322775,0.158931056,183.6101508,13.25319211,0.273441618,0
4925,48.90298131,0.153639416,176.7069971,13.24682662,0.274681059,0
4930,47.3051407,0.148079722,194.8863954,15.11529766,0.275921488,0
4935,45.06956901,0.143349098,196.3718999,10.63183863,0.277162859,0
4940,42.06270136,0.152361439,167.5924358,12.87102681,0.278405121,0
4945,33.75034518,0.14065361,176.7940264,16.00487292,0.279648227,0
4950,43.84665534,0.122036495,171.1585762,10.20148866,0.280892127,0
4955,42.38224722,0.155490598,179.6582764,8.361910252,0.282136774,0
4960,42.3488131,0.160039348,185.3586966,7.667205323,0.283382119,0
4965,34.25618706,0.127245676,171.7310983,12.84789995,0.284628114,0
4970,34.88559426,0.140652693,177.0433405,7.651441785,0.285874708,0
4975,45.20955914,0.156816543,176.2566671,10.66838616,0.287121854,0
4980,39.40094262,0.171074955,188.4031307,12.2829484,0.288369504,0
4985,42.66318551,0.150582937,187.058032,11.7739865,0.289617607,0
4990,39.05631194,0.142969971,179.181259,12.24985416,0.290866117,0
4995,38.72464731,0.148296036,188.2008042,11.8388887,0.292114983,0
5000,42.93057459,0.163748764,180.9996708,13.94740065,0.293364157,0
